Muscle_Group,Exercise
Abs,Side Plank Hip Adduction
Full Body,Side Plank Hip Adduction
Hip,Side Plank Hip Adduction
Hip,Single-Leg Dumbbell Hip Thrust
Triceps,Barbell JM Press
Chest,Bench Press
Hip,Smith Machine Squat
Leg,Smith Machine Squat
Hip,Dumbbell Cossack Squat
Leg,Dumbbell Cossack Squat
Shoulders,Seated Barbell Shoulder Press
Hip,Dumbbell Goblet Squat
Leg,Dumbbell Goblet Squat
Hip,Curtsy Lunge
Leg,Curtsy Lunge
Abs,Medicine Ball Rotational Throw
Cardio,5 Dot Drills
Hip,5 Dot Drills
Leg,5 Dot Drills
Hip,High Knee Lunge on Bosu Ball
Leg,High Knee Lunge on Bosu Ball
Hip,Standing Leg Circles
Leg,Standing Leg Circles
Hip,Static Lunge
Leg,Static Lunge
Cardio,Navy Seal Burpee
Full Body,Navy Seal Burpee
Biceps,Seated Zottman Curl
Forearm,Seated Zottman Curl
Full Body,Dumbbell Walking Lunge
Hip,Dumbbell Walking Lunge
Leg,Dumbbell Walking Lunge
Full Body,Dumbbell Push Press
Shoulders,Dumbbell Push Press
Biceps,Standing Barbell Concentration Curl
Erector Spinae,Dumbbell Good Morning
Hip,Dumbbell Good Morning
Leg,Dumbbell Good Morning
Hip,Dumbbell Squat
Leg,Dumbbell Squat
Cardio,Depth Jump to Hurdle Hop
Hip,Depth Jump to Hurdle Hop
Leg,Depth Jump to Hurdle Hop
Biceps,Waiter Curl
Cardio,Power Lunge
Hip,Power Lunge
Leg,Power Lunge
Cardio,Shadow Boxing
Shoulders,Standing Dumbbell Shoulder Press
Erector Spinae,Dumbbell Deadlift
Full Body,Dumbbell Deadlift
Hip,Dumbbell Deadlift
Leg,Dumbbell Deadlift
Erector Spinae,Dumbbell Sumo Deadlift
Full Body,Dumbbell Sumo Deadlift
Hip,Dumbbell Sumo Deadlift
Leg,Dumbbell Sumo Deadlift
Hip,Bodyweight Lunge
Leg,Bodyweight Lunge
Calisthenic,Frog Stand
Full Body,Backward Medicine Ball Throw
Hip,Bulgarian Split Squat Jump
Leg,Bulgarian Split Squat Jump
Yoga,Warrior 1 Pose
Yoga,Warrior 2 Pose
Yoga,Warrior 3 Pose
Yoga,Humble Warrior Pose
Yoga,Reverse Warrior Pose (Viparita Virabhadrasana)
Yoga,Ustrasana
Yoga,Utthita Trikonasana (Extended Triangle Pose)
Full Body,Zercher Carry
Calisthenic,Wall Walk
Full Body,Wall Walk
Triceps,One Arm Triceps Pushdown
Full Body,Kettlebell Hang Clean
Abs,Dragon Flag
Calisthenic,Dragon Flag
Full Body,Dumbbell Power Clean
Full Body,Dumbbell Devil Press
Abs,Ab Coaster Machine
Trapezius,Overhead Shrug
Full Body,Overhead Squat
Yoga,Tiger Yoga Pose
Hip,Barbell Glute Bridge Two Legs on Bench
Full Body,Ski Ergometer
Cardio,Riding Outdoor Bicycle
Calisthenic,Human Flag
Full Body,Human Flag
Full Body,Farmer's Walk
Full Body,Log Lift
Full Body,Tire Sledge Hammer
Full Body,Tire Flip
Full Body,Barbell Snatch
Full Body,Power Snatch
Full Body,Muscle Snatch
Full Body,Heaving Snatch Balance
Chest,Arm Scissors
Shoulders,Arm Scissors
Shoulders,Side Arm Raises
Hip,Barbell Hip Thrusts
Neck,Weighted Lateral Neck Flexion
Abs,Cross Crunch
Abs,Standing Cable Crunch
Cardio,Walking
Cardio,Briskly Walking
Neck,Weighted Lying Neck Extension (Neck Harness)
Neck,Weighted Lying Neck Flexion (Neck Harness)
Forearm,Wrist Roller
Abs,Seated Bench Leg Pull-in
Abs,Cross Body Mountain Climber
Neck,Gittleson Shrug
Trapezius,Gittleson Shrug
Cardio,Running
Cardio,Sprint
Full Body,Barbell Hang Clean
Shoulders,Arm Circles
Shoulders,Dumbbell Lateral Raise
Shoulders,Dumbbell Shoulder Press
Shoulders,Smith Machine Behind Neck Press
Shoulders,Smith Machine Shoulder Press
Shoulders,Cable Lateral Raise
Shoulders,45 Degree Incline Row
Trapezius,45 Degree Incline Row
Shoulders,Lever Shoulder Press
Shoulders,Standing Close Grip Military Press
Shoulders,Barbell Military Press (Overhead press)
Neck,Diagonal Neck Stretch
Neck,Neck Rotation Stretch
Neck,Neck Flexion Stretch
Neck,Neck Extension Stretch
Cardio,Walk Wave Machine
Calf,Standing Calf Raise
Forearm,Dumbbell Seated Neutral Wrist Curl
Forearm,Dumbbell Wrist Curl
Forearm,Barbell Reverse Wrist Curl
Neck,Side Neck Stretch
Neck,Side Push Neck Stretch
Neck,Front and Back Neck Stretch
Neck,Chin Tuck
Cardio,Jump Rope
Cardio,Bike
Cardio,Treadmill
Cardio,Incline Treadmill
Back / Wing,Rowing Machine
Cardio,Rowing Machine
Full Body,Rowing Machine
Cardio,Manual Treadmill
Cardio,Elliptical Machine
Cardio,Stair Climber Machine
Neck,Prone Cervical Extension
Forearm,Wrist Circles Stretch
Neck,Kneeling Neck Stretch
Shoulders,Dumbbell Chest Supported Lateral Raises
Shoulders,Dumbbell 6 Way Raise
Shoulders,Dumbbell 4 Way Lateral Raise
Hip,Smith Machine Reverse Kickback
Biceps,Double Arm Dumbbell Curl
Erector Spinae,Seated Back Extension
Trapezius,Dumbbell Shrug
Chest,Incline Chest Fly Machine
Trapezius,Cable Shrug
Trapezius,Barbell Shrug
Trapezius,Behind The Back Barbell Shrug
Trapezius,Dumbbell Incline Shrug
Trapezius,Prone Incline Shrug
Trapezius,Lever Shrug
Shoulders,Alternating Dumbbell Front Raise
Shoulders,Two Arm Cable Front Raise
Shoulders,Two Arm Dumbbell Front Raise
Shoulders,Dumbbell Front Raise
Shoulders,Cable Front Raise
Shoulders,Leaning Single Arm Dumbbell Lateral Raise
Shoulders,Seated Behind Neck Press
Shoulders,Rear Delt Fly Machine
Trapezius,Rear Delt Fly Machine
Shoulders,Seated Rear Lateral Dumbbell Raise
Shoulders,Half Arnold Press
Shoulders,Arnold Press
Shoulders,Seated Dumbbell Lateral Raise
Trapezius,Lever Gripless Shrug
Shoulders,Cable Rear Delt Fly
Trapezius,Cable Rear Delt Fly
Shoulders,Bent Over Lateral Raise
Trapezius,Bent Over Lateral Raise
Shoulders,Bent Arm Lateral Raise
Shoulders,Cable Upright Row
Trapezius,Cable Upright Row
Cardio,Elbow To Knee Twists
Shoulders,Face Pull
Trapezius,Face Pull
Shoulders,Half Kneeling High Cable Row Rope
Trapezius,Half Kneeling High Cable Row Rope
Calf,Calf Raise
Shoulders,Leaning Cable Lateral Raise
Shoulders,Dumbbell Raise
Trapezius,Dumbbell Raise
Shoulders,Dumbbell Upright Row
Trapezius,Dumbbell Upright Row
Neck,Weighted Neck Harness Extension
Neck,Lying Weighted Neck Flexion
Neck,Lying Weighted Neck Extension
Neck,Lever Neck Right Side Flexion (plate loaded)
Neck,Lever Neck Extension (plate loaded)
Neck,Cable Seated Neck Flexion with head harness
Neck,Cable Seated Neck Extension with head harness
Abs,Alternate Leg Raises
Yoga,Bhekasana Frog Pose
Yoga,Balasana | Child Pose
Yoga,Anuvittasana | Standing Backbend Pose
Yoga,Anjaneyasana | Low Lunge Pose
Yoga,Eka Pada Setu Bandha Sarvangasana
Yoga,Dandayamana Bharmanasana | Balancing Table Pose
Yoga,Chaturanga Dandasana | Low Plank Pose
Yoga,Bitilasana | Cow Pose
Not specified,Side Bend With Resistance Band
Calf,Calf Raise with Resistance Band
Yoga,Pada Hastasana | Hands to Feet Pose
Yoga,Titli Asana | Butterfly Pose
Yoga,Baddha Konasana | Butterfly Pose
Yoga,Makarasana - Crocodile Pose
Yoga,Ardha Uttanasana | Standing Half Forward Bend
Yoga,Ardha Kapotasana - Half Pigeon Pose
Yoga,Advasana | Reverse Corpse Pose
Yoga,Adho Mukha Vrksasana Yoga | Handstand Pose
Yoga,Adho Mukha Svanasana | Downward Facing Dog
Yoga,Tadasana | Mountain Pose
Yoga,Supta Baddha Konasana | Reclining Bound Angle
Yoga,Viparita Karani | Legs ups the Wall Pose
Yoga,Supta Matsyendrasana | Supine Spinal Twist
Yoga,Samakonasana | Straight Angle Pose
Yoga,Shoulderstand | Salamba Sarvangasana
Yoga,Nauka Sanchalanasan | Rowing the Boat Pose
Yoga,Malasana | Squat Pose or Garland Pose
Yoga,Full Lotus Pose
Yoga,Halasana | Plow Pose
Yoga,Locust Pose
Yoga,Wheel Pose | Chakrasana | Urdhva Dhanurasana
Yoga,Garudasana | Eagle Pose
Yoga,Crab Pose
Yoga,Childs Pose To Cobra Pose
Yoga,Camel Pose
Yoga,Bridge Pose
Yoga,Saithalyasana (Animal Relaxation Pose)
Back / Wing,Lever Front Pulldown
Back / Wing,Pull-Up
Calisthenic,Pull-Up
Back / Wing,Cable Rear Pulldown
Back / Wing,Lat Pulldown
Back / Wing,Seated Cable Row
Back / Wing,Barbell Bent Over Row
Erector Spinae,Barbell Bent Over Row
Full Body,Barbell Bent Over Row
Back / Wing,Cable Straight Arm Pulldown
Back / Wing,Legless Rope Climb
Calisthenic,Legless Rope Climb
Full Body,Legless Rope Climb
Cardio,Push-up Toe Touch
Full Body,Push-up Toe Touch
Back / Wing,Lever T-Bar Row
Back / Wing,Dumbbell Row
Back / Wing,Bent Over Dumbbell Row
Erector Spinae,Bent Over Dumbbell Row
Full Body,Bent Over Dumbbell Row
Back / Wing,Dumbbell Bent Over Reverse Grip Row
Back / Wing,Reverse Lat-Pulldown
Back / Wing,Muscle-Up
Calisthenic,Muscle-Up
Full Body,Muscle-Up
Hip,Squat
Leg,Squat
Back / Wing,Seated Row Machine
Back / Wing,One Arm Cable Row
Back / Wing,Reverse Grip Barbell Row
Abs,Crunches
Leg,Leg Press
Abs,Mountain Climber
Cardio,Mountain Climber
Abs,Bicycle Crunch
Cardio,Bicycle Crunch
Abs,Lying Scissor Kick
Hip,Plie Dumbbell Squat
Leg,Plie Dumbbell Squat
Back / Wing,Deadlift
Erector Spinae,Deadlift
Hip,Deadlift
Leg,Deadlift
Triceps,Dumbbell Kickback
Biceps,Dumbbell Curl
Biceps,Barbell Curl
Abs,Leg Raise
Abs,Oblique Floor Crunches
Abs,T-Cross Sit-up
Cardio,T-Cross Sit-up
Leg,Leg Curl
Triceps,One-Arm Reverse Pushdown
Triceps,Push-down
Biceps,Concentration Curl
Leg,Seated Leg Curl
Abs,Dead Bug
Abs,Decline Sit-up
Leg,Leg Extension
Abs,Reverse Crunch
Triceps,Bench Dips
Triceps,Triceps Dips
Biceps,Dumbbell Preacher Curl
Biceps,EZ Bar Preacher Curl
Biceps,Hammer Curl
Biceps,Seated Incline Dumbbell Curl
Calf,Barbell Seated Calf Raise
Abs,Kneeling Cable Crunch
Abs,Heel Touch
Triceps,One-Arm Lying Triceps Extension
Shoulders,Bodyweight Military Press
Trapezius,Bodyweight Military Press
Biceps,Lever Preacher Curl
Biceps,High Cable Single Arm Bicep Curl
Triceps,Cable Rope Overhead Triceps Extension
Triceps,Lever Triceps Dip
Back / Wing,Romanian Deadlift
Erector Spinae,Romanian Deadlift
Hip,Romanian Deadlift
Leg,Romanian Deadlift
Chest,Pec Deck Fly
Chest,Dumbbell Pullover
Chest,Low Cable Crossover
Chest,High Cable Crossover
Chest,Cable Upper Chest Crossovers
Chest,Incline Barbell Bench Press
Chest,Dumbbell Fly
Chest,Dumbbell Bench Press
Chest,Cable Crossover
Chest,One-Arm Cable Chest Press
Triceps,Lying Barbell Triceps Extension
Biceps,One Arm Cable Curl
Full Body,Push Press
Shoulders,Push Press
Chest,Single-Arm Cable Crossover
Chest,Incline Dumbbell Fly
Chest,Incline Dumbbell Press
Chest,Reverse Grip Incline Dumbbell Press
Erector Spinae,Sphinx Stretch
Neck,Sphinx Stretch
Abs,Standing Rotation
Back / Wing,Upper Back Stretch
Triceps,Cable Tricep Kickback
Chest,Machine Fly
Forearm,Barbell Reverse Curl
Hip,Barbell Hack Squats
Leg,Barbell Hack Squats
Triceps,Triceps Dips on Floor
Back / Wing,Kneeling High Pulley Row
Trapezius,Kneeling High Pulley Row
Forearm,Cable One-Arm Wrist Curl On Floor
Hip,Barbell Sumo Squat
Leg,Barbell Sumo Squat
Hip,Lever Standing Rear Kick
Triceps,Dumbbell Seated Front and Back Tate Press
Chest,Decline Dumbbell Press
Erector Spinae,Good Morning
Hip,Good Morning
Leg,Good Morning
Leg,Dumbbell Bulgarian Split Squat
Erector Spinae,Weighted Back Extension
Chest,Lever Incline Chest Press
Erector Spinae,Dumbbell Romanian Deadlift
Hip,Dumbbell Romanian Deadlift
Leg,Dumbbell Romanian Deadlift
Leg,Hack Squats Machine
Forearm,Hand Gripper
Back / Wing,Sumo Deadlift
Erector Spinae,Sumo Deadlift
Hip,Sumo Deadlift
Leg,Sumo Deadlift
Back / Wing,Half Kneeling Lat Pulldown
Cardio,Power Skips
Cardio,Plyo Jacks
Cardio,Split Jacks
Leg,Pistol Squat
Cardio,Butt Kicks
Cardio,Fast Feet Run
Cardio,Wheel Run
Hip,Dumbbell Lunge
Leg,Dumbbell Lunge
Back / Wing,Dumbbell Straight Leg Deadlift
Erector Spinae,Dumbbell Straight Leg Deadlift
Leg,Dumbbell Straight Leg Deadlift
Hip,Lever Side Hip Abduction
Leg,Lever Side Hip Abduction
Hip,Bodyweight Sumo Squat
Leg,Bodyweight Sumo Squat
Leg,Hawaiian Squat
Leg,Lever Standing Leg Raise
Hip,Lever Side Hip Adduction
Leg,Lever Side Hip Adduction
Leg,Barbell Bulgarian Split Squat
Leg,Lever Deadlift
Hip,Dumbbell Rear Lunge
Leg,Dumbbell Rear Lunge
Leg,Barbell Lunge
Hip,Barbell Lateral Lunge
Leg,Barbell Lateral Lunge
Calf,Leg Press Calf Raise
Leg,Side Lunge
Hip,Standing Hip Abduction
Hip,Cable Hip Adduction
Leg,Cable Hip Adduction
Cardio,Zig Zag Hops Plyometric
Leg,Zig Zag Hops Plyometric
Cardio,Bodyweight Squat
Hip,Bodyweight Squat
Leg,Bodyweight Squat
Leg,Upavistha Konasana
Yoga,Upavistha Konasana
Hip,Side Lying Clam
Erector Spinae,Seated Hamstring Stretch
Leg,Seated Hamstring Stretch
Calf,Hack Squat Calf Raise
Leg,Kneeling Quad Stretch
Cardio,Lateral Speed Step
Leg,Lateral Speed Step
Erector Spinae,Kettlebell Single Leg Deadlift
Hip,Kettlebell Single Leg Deadlift
Leg,Seated Groin / Adductor Stretch
Hip,Reverse Lunge Knee Lift
Leg,Reverse Lunge Knee Lift
Leg,Lying Hamstring Stretch
Cardio,Curtsy Squat
Hip,Curtsy Squat
Leg,Curtsy Squat
Hip,Cable Goblet Squat
Leg,Cable Goblet Squat
Hip,Cable Donkey Kickback
Hip,Bridge Hip Abduction
Abs,Standing Toe Touch
Hip,Thigh fly (Adductor Magnus Stretch)
Leg,Thigh fly (Adductor Magnus Stretch)
Cardio,Split Jump Squat
Hip,Split Jump Squat
Leg,Split Jump Squat
Hip,Cossack Squat
Leg,Cossack Squat
Hip,Glute Kickback Machine
Calf,Lever Seated Calf Raise
Calf,Single Leg Calf Raise
Abs,Crunch With Leg Raise
Abs,Alternate Lying Floor Leg Raise
Chest,Chest Dips
Calf,Hack Machine One-Leg Calf Raise
Chest,Assisted Chest Dip
Calf,Donkey Calf Raise
Calf,Lever Donkey Calf Raise
Calf,Bench Press Machine Standing Calf Raise
Chest,Lying Cable Fly
Chest,Drop Push-Up
Abs,Weighted Crunch
Abs,Seated Side Crunch
Leg,Seated Side Crunch
Calf,Standing Cross Leg Hamstring Stretch
Hip,Standing Cross Leg Hamstring Stretch
Leg,Standing Cross Leg Hamstring Stretch
Cardio,Backward Jump
Leg,Backward Jump
Cardio,Jumping jack
Leg,Jumping jack
Cardio,Single Leg Broad Jump
Leg,Single Leg Broad Jump
Abs,Incline Leg Hip Raise
Abs,Bodyweight Windmill
Leg,Bodyweight Windmill
Abs,Front to Side Plank
Abs,Tuck Crunch
Abs,Dumbbell Side Bend
Abs,Double Leg Stretch
Abs,Spider Plank
Cardio,Spider Plank
Abs,Captains Chair Leg Raise
Calisthenic,Captains Chair Leg Raise
Abs,Bench Side Bend
Abs,Crab Twist Toe Touch
Abs,Quarter Sit-up
Abs,Weighted Sit-ups
Abs,Lying Knee Raise
Abs,Floor Crunch
Shoulders,Ez Bar Upright Row
Trapezius,Ez Bar Upright Row
Chest,Inner Chest Press Machine
Chest,Decline Dumbbell Fly
Chest,Incline Dumbbell Hammer Press
Cardio,Run in Place
Cardio,Jump Squats
Hip,Jump Squats
Leg,Jump Squats
Triceps,Kneeling Cable Triceps Extension
Triceps,Cable Rear Drive
Cardio,Short Stride Run
Erector Spinae,Hyperextension
Abs,Reverse Plank
Hip,Reverse Plank
Shoulders,Dumbbell Lying One-Arm Rear Lateral Raise
Shoulders,Lateral Raise Machine
Shoulders,Scott Press
Shoulders,Band Pull-Apart
Trapezius,Band Pull-Apart
Shoulders,Bent Over Reverse Cable Fly
Trapezius,Bent Over Reverse Cable Fly
Shoulders,Bent-Over Barbell Reverse Raise
Trapezius,Bent-Over Barbell Reverse Raise
Shoulders,Weighted Round Arm
Shoulders,Weight Plate Front Raise
Chest,Dumbbell Upward Fly
Shoulders,Two Arm Cable Lateral Raise
Full Body,Landmine Squat to Press
Hip,Landmine Squat to Press
Leg,Landmine Squat to Press
Shoulders,Landmine Squat to Press
Shoulders,Cable Shoulder Press
Shoulders,Barbell Rear Delt Raise
Trapezius,Barbell Rear Delt Raise
Shoulders,Double Cable Front Raise
Hip,Standing Hip Extension
Shoulders,Standing Smith Machine Shoulder Press
Shoulders,Dumbbell W Press
Shoulders,Dumbbell One Arm Shoulder Press
Shoulders,Dumbbell Scaption
Full Body,Barbell Clean and Press
Leg,Barbell Clean and Press
Shoulders,Barbell Clean and Press
Shoulders,Dumbbell Cuban Press
Shoulders,Dumbbell Cuban External Rotation
Shoulders,Standing Alternating Dumbbell Shoulder Press
Chest,Narrow Grip Wall Push-Up
Triceps,Narrow Grip Wall Push-Up
Shoulders,Cable External Shoulder Rotation
Shoulders,Cable Internal Shoulder Rotation
Back / Wing,Across Chest Shoulder Stretch
Shoulders,Across Chest Shoulder Stretch
Back / Wing,Standing Reach Up Back rotation Stretch
Shoulders,Standing Reach Up Back rotation Stretch
Back / Wing,Shoulder Stretch Behind The Back
Chest,Shoulder Stretch Behind The Back
Shoulders,Shoulder Stretch Behind The Back
Triceps,Shoulder Stretch Behind The Back
Shoulders,Incline Dumbbell Side Lateral Raise
Triceps,Body Ups
Hip,Bench Glute Flutter Kicks
Shoulders,Dumbbell Side Lying Rear Delt Raise
Hip,Dumbbell Lateral Step Up
Leg,Dumbbell Lateral Step Up
Back / Wing,Smith Machine Bent Over Row
Back / Wing,Incline Reverse Grip Dumbbell Row
Cardio,Lateral Step-up
Leg,Lateral Step-up
Cardio,Step Up + Opposite Elbow to Knee Twist
Leg,Step Up + Opposite Elbow to Knee Twist
Cardio,Band Assisted Sprinter Run
Hip,Barbell Step-Up
Leg,Barbell Step-Up
Full Body,Power Clean
Back / Wing,Barbell Pullover
Back / Wing,Cable Pullover
Back / Wing,Weighted Pull-up
Back / Wing,Reverse grip Pull-up
Back / Wing,Close Grip Chin Up
Calisthenic,Close Grip Chin Up
Back / Wing,Assisted Pull-up
Shoulders,Lying Cable Reverse Fly
Erector Spinae,Floor Hyperextension
Neck,Floor Hyperextension
Erector Spinae,Flat Bench Hyperextension
Hip,Lying Glute Stretch
Leg,Lying Glute Stretch
Chest,Decline Chest Press Machine
Chest,Lying Chest Press Machine
Chest,Wall Push-up
Triceps,Wall Push-up
Triceps,Cable Lying Triceps Extensions
Shoulders,Single Arm Circles
Leg,Lying Dumbbell Leg Curl
Calf,Standing Barbell Calf Raise
Back / Wing,Table Inverted Row
Triceps,Chair Dips
Erector Spinae,Reverse Hyperextension Machine
Hip,Reverse Hyperextension Machine
Abs,Stability Ball Knee Tuck
Chest,Smith Machine Hex Press
Chest,Close-grip Incline Dumbbell Press
Abs,Hanging Knee Raises
Calisthenic,Hanging Knee Raises
Abs,Hanging Side Knee Raises
Calisthenic,Hanging Side Knee Raises
Trapezius,Smith Machine Shrug
Abs,Hanging Windshield Wiper
Calisthenic,Hanging Windshield Wiper
Abs,Toes to Bar
Calisthenic,Toes to Bar
Abs,Weighted Hanging Knee Raises
Chest,Kneeling Push-up
Biceps,Lying Cable Curl
Biceps,Zottman Curl
Biceps,Dumbbell Reverse Curl
Forearm,Dumbbell Reverse Curl
Biceps,Seated Close-Grip Concentration Curl
Biceps,Biceps Leg Concentration Curl
Biceps,Prone Incline Barbell Curl
Biceps,Overhead Cable Curl
Biceps,Seated Hammer Curl
Forearm,Seated Hammer Curl
Biceps,Seated Biceps Curl
Triceps,Seated One-Arm Dumbbell Triceps Extension
Triceps,Seated Dumbbell Triceps Extension
Back / Wing,Cable One Arm Lat Pulldown
Chest,Decline Cable Fly
Biceps,Single Arm Cable Preacher Curl
Chest,Smith Machine Bench Press
Biceps,Cable Concentration Curl
Chest,Smith Machine Incline Bench Press
Back / Wing,Reverse Grip Machine Row
Biceps,Reverse Grip EZ-Bar Curl
Forearm,Reverse Grip EZ-Bar Curl
Biceps,Dumbbell Scott Hammer Curl
Forearm,Dumbbell Scott Hammer Curl
Triceps,Lever Triceps Extension
Triceps,Bench Dips on Floor
Abs,Teaser Pilates
Abs,Seated Oblique Twist
Full Body,Turkish Get-up
Calisthenic,Parallel Bar Dips
Chest,Parallel Bar Dips
Triceps,Parallel Bar Dips
Hip,Bodyweight Hip Thrust
Back / Wing,Close Grip Cable Row
Back / Wing,Rope Straight Arm Pulldown
Abs,Side Bridge
Back / Wing,V-bar Lat Pulldown
Back / Wing,One-Arm Barbell Row
Abs,Plank With Arm And Leg Lift
Hip,Plank With Arm And Leg Lift
Leg,Plank With Arm And Leg Lift
Back / Wing,T-Bar Row
Erector Spinae,T-Bar Row
Abs,Weighted Front Plank
Leg,Weighted Front Plank
Cardio,Backward Running
Shoulders,Dumbbell Lateral to Front Raise
Not specified,Resistance Band Bicycle Crunch
Back / Wing,Incline Cable Row
Shoulders,One-Arm Bent Over Cable Lateral Raise
Back / Wing,Cable Bent Over Row
Back / Wing,Standing Side Bend Stretch
Calisthenic,Handstand Push-Up
Shoulders,Handstand Push-Up
Shoulders,EZ Bar Underhand Press
Back / Wing,Back and Pec Stretch
Chest,Back and Pec Stretch
Biceps,Lying High Bench Barbell Curl
Hip,Single Leg Bridge
Calf,Weighted Donkey Calf Raise
Back / Wing,Double Cable Neutral Grip Lat Pulldown On Floor
Abs,Cable Side Bend
Shoulders,Dumbbell Lying External Shoulder Rotation
Chest,Lever Incline Hammer Chest Press
Chest,Lever Crossovers
Shoulders,Incline Dumbbell Reverse Fly
Trapezius,Incline Dumbbell Reverse Fly
Shoulders,Incline Dumbbell Y-Raise
Trapezius,Incline Dumbbell Y-Raise
Shoulders,Dumbbell Incline T-Raise
Trapezius,Dumbbell Incline T-Raise
Triceps,Dumbbell Skull Crusher
Triceps,Dumbbell Incline Two-Arm Extension
Triceps,One-Arm Pronated Dumbbell Triceps Extension
Biceps,Cable Rope Hammer Curl
Triceps,Seated EZ-Bar Overhead Triceps Extension
Back / Wing,Incline Barbell Row
Erector Spinae,Smith Machine Good Morning
Hip,Smith Machine Good Morning
Leg,Smith Machine Good Morning
Chest,Reverse Grip Dumbbell Bench Press
Erector Spinae,Cable Pull Through
Hip,Cable Pull Through
Shoulders,Bench Supported Dumbbell External Rotation
Back / Wing,Kneeling Single Arm High Pulley Row
Abs,Barbell Side Bend
Abs,Seated Barbell Twist
Abs,Bent Over Twist
Shoulders,Dumbbell Seated Bent Over Rear Delt Row
Triceps,Cable Incline Triceps Extension
Chest,Lever Chest Press
Chest,Incline Push-up
Chest,Svend Press
Abs,Dumbbell V-up
Calisthenic,Reverse Push-up
Chest,Reverse Push-up
Triceps,Reverse Push-up
Shoulders,Dumbbell Standing Palms In Press
Cardio,Side Shuttle
Biceps,Biceps Curl Machine
Biceps,Dumbbell High Curl
Shoulders,Lying Shoulder Press
Triceps,Cable Side Triceps Extension
Shoulders,Dumbbell Rear Delt Row
Abs,Lever Lying Crunch
Shoulders,Lever Lateral Raise
Chest,Alternate Dumbbell Bench Press
Abs,Twisting Hyperextension
Erector Spinae,Twisting Hyperextension
Calf,Squat Hold Calf Raise
Abs,Ab Roller Crunch
Triceps,Incline EZ-Bar Triceps Extension
Leg,Bodyweight Walking Lunge
Triceps,High Pulley Overhead Tricep Extension
Triceps,Rope Pushdown
Triceps,Reverse Grip Pushdown
Abs,Standing Cable High-To-Low Twist
Abs,Standing Cable Low-To-High Twist
Abs,Standing Cable Twist
Calisthenic,Cross Arm Push-up
Triceps,Cross Arm Push-up
Back / Wing,Upside Down Pull-up
Calisthenic,Upside Down Pull-up
Triceps,Cable Concentration Extension on Knee
Cardio,Tuck Jump
Abs,L-Sit
Calisthenic,L-Sit
Chest,Close-Grip Dumbbell Press
Triceps,Close-Grip Dumbbell Press
Hip,Wall Sit
Leg,Wall Sit
Abs,High Knee Squat
Cardio,High Knee Squat
Hip,High Knee Squat
Leg,High Knee Squat
Back / Wing,Swimming
Erector Spinae,Swimming
Hip,Swimming
Trapezius,Swimming
Cardio,Boxer Shuffle Cardio
Cardio,Jab Boxing
Cardio,Punches
Cardio,Right Uppercut
Cardio,Right Cross
Cardio,Hook Kick
Cardio,Boxing Right Cross
Calisthenic,Clap Push-Up
Chest,Clap Push-Up
Cardio,Walking High Knee Lunges
Cardio,High Knees Lift Run
Chest,Above Head Chest Stretch
Chest,Dynamic Chest Stretch
Leg,Kettlebell Pistol Squats
Shoulders,Kettlebell One-Arm Military Press
Erector Spinae,Frog Reverse Hyperextension
Hip,Frog Reverse Hyperextension
Hip,Kettlebell Split Snatch
Leg,Kettlebell Split Snatch
Shoulders,Kettlebell Split Snatch
Abs,Kettlebell Windmill
Shoulders,Kettlebell Windmill
Abs,Kettlebell Swings
Full Body,Kettlebell Swings
Hip,Kettlebell Swings
Leg,Kettlebell Swings
Shoulders,Kettlebell Swings
Shoulders,Kettlebell Arnold Press
Shoulders,Bent Over Rear Delt Fly | Gymstick
Trapezius,Bent Over Rear Delt Fly | Gymstick
Hip,Bodyweight Single Leg Deadlift
Back / Wing,Brachialis Pull-up
Biceps,Brachialis Pull-up
Abs,Full Crunch Machine
Hip,Bodyweight Box Squat
Leg,Bodyweight Box Squat
Chest,Single Dumbbell Close-grip Press
Triceps,Single Dumbbell Close-grip Press
Abs,Front Plank with Arm Lift
Abs,Bhujangasana | Cobra Abdominal Stretch
Neck,Bhujangasana | Cobra Abdominal Stretch
Yoga,Bhujangasana | Cobra Abdominal Stretch
Hip,Step Up Single Leg Balance with Bicep Curl
Leg,Step Up Single Leg Balance with Bicep Curl
Erector Spinae,Bird Dog
Hip,Bird Dog
Abs,Ab Straps Leg Raise
Calisthenic,Ab Straps Leg Raise
Hip,Dumbbell Step-Up
Leg,Dumbbell Step-Up
Hip,Belt Squat
Leg,Belt Squat
Back / Wing,Close Grip Lat-Pulldown
Back / Wing,Seated Cable Rope Row
Erector Spinae,Seated Cable Rope Row
Leg,Lever Single Leg Curl
Hip,Reverse Lunge
Leg,Reverse Lunge
Chest,Kneeling Diamond Push-Up
Triceps,Kneeling Diamond Push-Up
Cardio,Jack Burpees
Leg,Single Leg Step Down
Forearm,Behind The Back Barbell Wrist Curl
Calisthenic,Dips Between Chairs
Chest,Dips Between Chairs
Triceps,Dips Between Chairs
Shoulders,Cable Seated Shoulder Internal Rotation
Shoulders,Half Kneeling Cable External Rotation
Shoulders,Landmine Lateral Raise
Back / Wing,Cable Seated Pullover
Shoulders,Seated Dumbbell Front Raise
Cardio,Astride Jumps
Abs,Boat Pose
Leg,Boat Pose
Back / Wing,Scapular Protraction and Retraction
Shoulders,Scapular Protraction and Retraction
Trapezius,Scapular Protraction and Retraction
Hip,Dumbbell Glute Bridge
Back / Wing,Ring Inverted Row
Calisthenic,Ring Inverted Row
Chest,Push-up With Push-up Bars
Abs,Seated Twist Machine
Cardio,Long Jump
Leg,Long Jump
Leg,Lever Assisted Single Leg Press
Triceps,Cable One-Arm Overhead Triceps Extension
Triceps,Standing Barbell Triceps Extension
Leg,Nordic Hamstring Curl
Back / Wing,Inverted Row
Chest,Smith Machine Decline Bench Press
Chest,One Arm Decline Cable Fly
Full Body,One Arm Kettlebell Snatch
Hip,One Arm Kettlebell Snatch
Leg,One Arm Kettlebell Snatch
Shoulders,One Arm Kettlebell Snatch
Back / Wing,Lever Cable Rear Pulldown
Biceps,Close Grip Z-Bar Curl
Biceps,Dumbbell Scott Curl
Shoulders,Cross Cable Face Pull
Trapezius,Cross Cable Face Pull
Back / Wing,Shotgun Row
Back / Wing,Elbow Reverse Push-Up
Trapezius,Elbow Reverse Push-Up
Calisthenic,Impossible Dips
Full Body,Impossible Dips
Triceps,Impossible Dips
Calisthenic,Korean Dips
Chest,Korean Dips
Full Body,Korean Dips
Triceps,Korean Dips
Calisthenic,Straight Bar Dip
Chest,Straight Bar Dip
Full Body,Straight Bar Dip
Triceps,Straight Bar Dip
Abs,Inchworm
Back / Wing,Weighted One Arm Pull-up
Chest,Dumbbell One Arm Reverse Grip Press
Back / Wing,Cable Crossover Lat Pulldown
Back / Wing,One Arm Landmine Row
Shoulders,One Arm Landmine Row
Abs,Front Plank With Arm And Leg Lift
Cardio,Front Plank With Arm And Leg Lift
Hip,Front Plank With Arm And Leg Lift
Leg,Front Plank With Arm And Leg Lift
Leg,Horizontal Leg Press
Hip,Resistance Band Reverse Hyperextension
Shoulders,Resistance Band Seated Shoulder Press
Hip,Resistance Band Toe Touch
Leg,Resistance Band Toe Touch
Biceps,Barbell Curl On Arm Blaster
Biceps,Arm Blaster Hammer Curl
Biceps,Dumbbell Curl On Arm Blaster
Chest,Lever One-Arm Chest Press
Abs,Weighted Lying Twist
Biceps,Standing One Arm Chest Stretch
Chest,Standing One Arm Chest Stretch
Forearm,Standing One Arm Chest Stretch
Hip,Kneeling Hip Flexor Stretch
Leg,Kneeling Hip Flexor Stretch
Leg,Standing Quadriceps Stretch
Chest,Single-Arm Medicine Ball Push-Up
Chest,Stability Ball Decline Push-Up
Chest,Dumbbell Pullover On Stability Ball
Chest,Stability Ball Push-Up
Abs,Swiss Ball Rollout
Hip,Exercise Ball Wall Squat
Leg,Exercise Ball Wall Squat
Abs,Weighted Side Bend On Stability Ball
Triceps,Exercise Ball Triceps Extension
Abs,Stability Ball V-Up
Abs,Exercise Ball Frog Crunch
Leg,Leg Curl On Stability Ball
Chest,Dumbbell Decline One-Arm Hammer Press
Triceps,Dumbbell Decline One-Arm Hammer Press
Calisthenic,Bench Pike Push-up
Shoulders,Bench Pike Push-up
Calisthenic,Pike Push-up
Chest,Pike Push-up
Shoulders,Pike Push-up
Shoulders,Tall Kneeling One Arm Kettlebell Press
Cardio,Kettlebell Clean and Jerk
Full Body,Kettlebell Clean and Jerk
Hip,Kettlebell Clean and Jerk
Leg,Kettlebell Clean and Jerk
Shoulders,Kettlebell Clean and Jerk
Hip,Kettlebell Goblet Squat
Leg,Kettlebell Goblet Squat
Back / Wing,Lever Reverse T-Bar Row
Biceps,One Arm Biceps Curl
Erector Spinae,Kettlebell Deadlift
Hip,Kettlebell Deadlift
Leg,Kettlebell Deadlift
Back / Wing,Kettlebell Bent Over Row
Leg,Barbell Bench Front Squat
Cardio,Dumbbell Burpees
Full Body,Dumbbell Burpees
Erector Spinae,Standing Toe Touches
Leg,Standing Toe Touches
Leg,Standing Side Toe Touching
Chest,Weighted Push-up
Hip,Band Lying Hip External Rotation
Back / Wing,Full Range Of Motion Lat Pulldown
Shoulders,Full Range Of Motion Lat Pulldown
Cardio,Ski Step
Cardio,Dumbbell Split Jump
Hip,Dumbbell Split Jump
Leg,Dumbbell Split Jump
Hip,Banded Step-up
Leg,Banded Step-up
Leg,Barbell Curtsey Lunge
Cardio,Dumbbell Jump Squat
Full Body,Dumbbell Jump Squat
Hip,Dumbbell Jump Squat
Leg,Dumbbell Jump Squat
Leg,Barbell Split Squat
Shoulders,Lever Shoulder Press (Hammer Grip)
Abs,Cable Seated Cross Arm Twist
Leg,All Fours Squad Stretch
Back / Wing,Chin-Up
Biceps,Chin-Up
Forearm,Wrist Ulnar Deviator And Extensor Stretch
Forearm,Reverse Wrist Stretch
Forearm,Wrist Stretch
Abs,Burpees
Cardio,Burpees
Full Body,Burpees
Hip,Burpees
Leg,Burpees
Shoulders,Dumbbell Lying Rear Lateral Raise
Biceps,Lever Biceps Curl
Not specified,Barbell Glute Bridge On Bench
Biceps,Cable Incline Biceps Curl
Shoulders,Lever Reverse Shoulder Press
Leg,Lever Kneeling Leg Curl
Abs,Standing Twist Machine
Shoulders,Side Lying Rear Delt Dumbbell Raise
Shoulders,Scapula Dips
Trapezius,Scapula Dips
Triceps,Triceps Extension Machine
Shoulders,Ez-Bar Incline Front Raise
Triceps,Triceps Dip Machine
Abs,Seated Crunch Machine
Chest,Push-Up Plus
Trapezius,Push-Up Plus
Back / Wing,Seated Toe Touches
Erector Spinae,Seated Toe Touches
Leg,Seated Toe Touches
Cardio,Vibration Plate
Back / Wing,L-Sit Pull-Up
Calisthenic,L-Sit Pull-Up
Full Body,L-Sit Pull-Up
Back / Wing,Back Lever
Calisthenic,Back Lever
Full Body,Back Lever
Shoulders,Back Lever
Back / Wing,Swing 360
Calisthenic,Swing 360
Back / Wing,Front Lever Pull-up
Calisthenic,Front Lever Pull-up
Full Body,Front Lever Pull-up
Shoulders,Barbell Front Raise Twist
Hip,Reverse Hack Squat
Leg,Reverse Hack Squat
Hip,Duck Walk
Leg,Duck Walk
Calisthenic,Single-Arm Push-up
Chest,Single-Arm Push-up
Triceps,Single-Arm Push-up
Shoulders,Kettlebell Shoulder Press
Leg,Trap Bar Deadlift
Hip,Zercher Squat
Leg,Zercher Squat
Leg,Front Squat
Abs,Barbell Rollout
Abs,Landmine Twist
Abs,Frog Crunch
Abs,Ab Wheel Rollout
Hip,Ab Wheel Rollout
Calisthenic,Wall-Supported Handstand Push-Ups
Shoulders,Wall-Supported Handstand Push-Ups
Triceps,Wall-Supported Handstand Push-Ups
Cardio,High Knees Against Wall
Back / Wing,Towel Shoulder Stretch
Shoulders,Towel Shoulder Stretch
Triceps,Towel Shoulder Stretch
Calf,Standing Hamstring Stretch
Hip,Standing Hamstring Stretch
Leg,Standing Hamstring Stretch
Hip,Kettlebell Thruster
Leg,Kettlebell Thruster
Shoulders,Kettlebell Thruster
Full Body,One Arm Dumbbell Snatch
Hip,One Arm Dumbbell Snatch
Leg,One Arm Dumbbell Snatch
Shoulders,One Arm Dumbbell Snatch
Leg,Single Leg Press
Cardio,Vertical Mountain Climber
Hip,Landmine Lunge
Leg,Landmine Lunge
Chest,One-Arm Kettlebell Chest Press
Chest,Kettlebell Chest Press on the Floor
Calf,Weighted Seated Calf Raise
Chest,Wide Grip Bench Press
Chest,Decline Barbell Bench Press
Leg,Single Leg Extension
Leg,Smith Machine Leg Press
Shoulders,Band Front Lateral Raise
Hip,Smith Machine Lunge
Leg,Smith Machine Lunge
Leg,Skater Squat
Shoulders,Shoulder Pendulum
Chest,One Arm Push Ups With Support
Chest,Band Standing Chest Press
Leg,Shrimp Squat
Shoulders,90-Degree Cable External Rotation
Shoulders,90-degree Cable Internal Rotation
Hip,Towel Leg Curl
Leg,Towel Leg Curl
Cardio,Single Leg Hip Thrust Jump
Hip,Single Leg Hip Thrust Jump
Chest,Seated Chest Stretch
Shoulders,Seated Ballerina Exercise
Trapezius,Seated Ballerina Exercise
Shoulders,Seated Scapular Retraction Exercise
Trapezius,Seated Scapular Retraction Exercise
Leg,Foam Roller IT (iliotibial Band) Stretch
Back / Wing,Foam Roller Back Stretch
Erector Spinae,Foam Roller Back Stretch
Back / Wing,Foam Roller Rhomboids
Trapezius,Foam Roller Rhomboids
Hip,Foam Roller Glutes
Leg,Foam Roller Quads
Shoulders,Foam Roller Posterior Shoulder
Chest,Foam Roller Chest Stretch
Back / Wing,Foam Roller Upper Back
Trapezius,Foam Roller Upper Back
Back / Wing,Foam Roller Lat Stretch
Hip,Foam Roller Inner Thigh Adductor Stretch
Leg,Foam Roller Inner Thigh Adductor Stretch
Leg,Foam Roller Hamstrings
Chest,Foam Roller Front Shoulder and Chest
Shoulders,Foam Roller Front Shoulder and Chest
Leg,Foam Roller Plantar Fasciitis
Calf,Foam Roller Calves
Shoulders,Rotator Cuff Stretch
Chest,Assisted Reverse Stretch (Chest And Shoulder)
Shoulders,Assisted Reverse Stretch (Chest And Shoulder)
Calf,Band Foot External Rotation
Abs,Lying Upper Body Rotation
Back / Wing,Lying Upper Body Rotation
Chest,Lying Upper Body Rotation
Erector Spinae,Lying Upper Body Rotation
Shoulders,Lying Upper Body Rotation
Back / Wing,Lever Pullover
Hip,90/90 Hip Stretch
Leg,90/90 Hip Stretch
Back / Wing,One Arm Chin-Up
Biceps,One Arm Chin-Up
Back / Wing,Scapula Pull-up
Trapezius,Scapula Pull-up
Back / Wing,Archer Pull-up
Calisthenic,Archer Pull-up
Full Body,Archer Pull-up
Back / Wing,Jumping Pull-up
Back / Wing,Commando Pull-up
Back / Wing,Behind The Neck Pull-up
Chest,Lever Decline Chest Press
Back / Wing,Cable One-Arm Pulldown
Abs,Bicycle Twisting Crunch
Triceps,Decline Close-Grip Bench To Skull Crusher
Back / Wing,Barbell Decline Bent Arm Pullover
Erector Spinae,Stiff Leg Deadlift
Hip,Stiff Leg Deadlift
Leg,Stiff Leg Deadlift
Back / Wing,Dead Hang
Erector Spinae,Kneeling Back Rotation
Shoulders,Kneeling Back Rotation
Shoulders,Serratus Wall Slide With Foam Roller
Trapezius,Serratus Wall Slide With Foam Roller
Abs,Fish Pose
Chest,Fish Pose
Neck,Fish Pose
Yoga,Fish Pose
Abs,Hands In Air Dead Bug
Cardio,Cross Body Push-up
Full Body,Cross Body Push-up
Shoulders,Wall Supported Arm Raises
Shoulders,Backhand Raise
Abs,4 Point Tummy Vacuum Exercise
Back / Wing,Isometric Pull-Up
Biceps,Dumbbell Preacher Hammer (Scott) Curl
Forearm,Dumbbell Preacher Hammer (Scott) Curl
Biceps,One Arm Prone Dumbbell Curl
Biceps,Dumbbell Alternate Preacher Curl
Biceps,Two Dumbbell Preacher Curl
Abs,Seated Flutter Kick
Abs,Seated Cable Twist
Shoulders,Dumbbell Seated Cuban Press
Shoulders,Kneeling Cable Shoulder Press
Biceps,Flexor Incline Dumbbell Curls
Trapezius,Dip Shrugs (Serratus Shrugs)
Leg,Dumbbell Goblet Curtsey Lunge
Hip,Cable Forward Lunge
Leg,Cable Forward Lunge
Hip,Kneeling Cable Pull Through
Leg,Cable Lunge
Hip,Cable Front Squat
Leg,Cable Front Squat
Triceps,Barbell One Arm Floor Press
Biceps,Barbell Alternate Biceps Curl
Forearm,Weighted Neutral Wrist Curl
Chest,Incline Chest Press Machine
Chest,Ä°ncline Cable Fly
Abs,Bodyweight Kneeling Sissy Squat
Leg,Bodyweight Kneeling Sissy Squat
Back / Wing,Wide Grip Barbell Bent Over Row Plus
Trapezius,Wide Grip Barbell Bent Over Row Plus
Back / Wing,Wide Grip Alternate Barbell Bent Over Row Plus
Trapezius,Wide Grip Alternate Barbell Bent Over Row Plus
Full Body,Trap Bar Jump Squat
Hip,Trap Bar Jump Squat
Leg,Trap Bar Jump Squat
Cardio,Box Jump to Pistol Squat
Hip,Box Jump to Pistol Squat
Leg,Box Jump to Pistol Squat
Cardio,Box Jump 2 to 1
Hip,Box Jump 2 to 1
Leg,Box Jump 2 to 1
Cardio,Box Jump 1 to 2
Hip,Box Jump 1 to 2
Leg,Box Jump 1 to 2
Cardio,Single Leg Box Jump
Hip,Single Leg Box Jump
Leg,Single Leg Box Jump
Abs,Bow Pose
Erector Spinae,Bow Pose
Leg,Bow Pose
Yoga,Bow Pose
Erector Spinae,Cat Cow Pose
Yoga,Cat Cow Pose
Back / Wing,Wall Slides
Shoulders,Wall Slides
Abs,Kneeling T-spine Rotation
Back / Wing,Kneeling T-spine Rotation
Erector Spinae,Kneeling T-spine Rotation
Shoulders,Kneeling T-spine Rotation
Shoulders,Plate Loaded Shoulder Press
Calf,Toe Extensor Stretch
Abs,Standing Barbell Rollout
Triceps,Asisted Triceps Dips
Abs,Side Plank Oblique Crunch
Chest,Reverse Chest Stretch
Abs,Medicine Ball-Sit-up Throw
Full Body,Medicine Ball-Sit-up Throw
Calf,Standing Dorsiflexion
Calf,Standing Wall Calf Stretch
Calf,Standing Toe Up Achilles Stretch
Calf,Standing Toe Flexor Stretch
Calf,Standing Gastrocnemius Calf Stretch
Calf,Single Heel Drop Calf Stretch
Calf,Seated Straight Leg Calf Stretch
Leg,Seated Straight Leg Calf Stretch
Calf,Lunging Straight Leg Calf Stretch
Calf,Posterior Tibialis Stretch
Calf,Foot and Ankles Stretches
Calf,Foot and Ankle Rotation
Calf,Calves Stretch Static Position
Calf,Single Leg Calves Stretch
Calf,Calf Stretch With Rope
Calf,Crouching Heel Back Calf Stretch
Leg,Crouching Heel Back Calf Stretch
Shoulders,Chest Supported Dumbbell Front Raises
Full Body,Barbell Jump Squat
Hip,Barbell Jump Squat
Leg,Barbell Jump Squat
Abs,Side Bent
Shoulders,One-Arm Dumbbell Upright Row
Trapezius,One-Arm Dumbbell Upright Row
Abs,Leg Scissors
Abs,Abdominal Bracing
Yoga,Abdominal Bracing
Shoulders,Single Arm Arnold Press
Biceps,Cable Kneeling Biceps Curl
Yoga,Double Pigeon Pose
Hip,Frog Pose
Leg,Frog Pose
Yoga,Frog Pose
Chest,Kneeling Landmine Press
Shoulders,Kneeling Landmine Press
Chest,Pike Push-Up Between Chairs
Shoulders,Pike Push-Up Between Chairs
Calisthenic,Handstand Walk
Full Body,Handstand Walk
Calisthenic,Handstand
Full Body,Handstand
Hip,ATG Split Squat
Leg,ATG Split Squat
Full Body,Kettlebell Clean and Press
Hip,Kettlebell Clean and Press
Leg,Kettlebell Clean and Press
Shoulders,Kettlebell Clean and Press
Shoulders,Dumbbell Z Press
Hip,Seated Piriformis Stretch
Leg,Seated Piriformis Stretch
Hip,Barbell Pin Front Squat
Leg,Barbell Pin Front Squat
Shoulders,Cable Y Raise
Trapezius,Cable Y Raise
Abs,Lying Toe Touches
Back / Wing,Climbing Monkey Bars
Full Body,Climbing Monkey Bars
Back / Wing,Supine Spinal Twist
Erector Spinae,Supine Spinal Twist
Yoga,Supine Spinal Twist
Leg,Heel Touch Side Kick Squat
Shoulders,Alternate Dumbbell Lateral Raise
Back / Wing,Back Slaps Wrap Around Stretch
Chest,Back Slaps Wrap Around Stretch
Shoulders,Back Slaps Wrap Around Stretch
Chest,Reaction Ball Throw
Shoulders,Reaction Ball Throw
Triceps,Reaction Ball Throw
Shoulders,Front Rack PVC Stretch
Back / Wing,Bodyweight Row in Doorway
Back / Wing,Lever High Row
Shoulders,Lever High Row
Abs,Dumbbell Floor Wipers
Hip,Hip Extension On Bench
Calf,Seated Calf Press on Leg Press Machine
Calf,Single Calf Raise on Leg Press Machine
Hip,Donkey Kick on Smith Machine
Hip,Glute Bridge on Bench
Cardio,Stationary Bike Run
Hip,Donkey Kick on Leg Extension Machine
Hip,Hip Thrust on The Leg Extension Machine
Hip,Hip Thrust Machine
Hip,Squat on The Abductor Machine
Hip,Barbell Single Leg Hip Thrust
Back / Wing,Incline Dumbbell Hammer Row
Hip,Pelvic Tilt
Hip,Glute Bridge One Leg on Bench
Hip,Unilateral Bridge
Abs,Side Bridge Hip Abduction
Hip,Side Bridge Hip Abduction
Hip,Straight Leg Kickback
Cardio,Hands Bike
Chest,Seated Cable Chest Press
Chest,Seated Cable Close Grip Chest Press
Abs,Cable Half Kneeling Pallof Press
Chest,Cable Half Kneeling Pallof Press
Shoulders,Cable Half Kneeling Pallof Press
Cardio,Squat Tuck Jump
Hip,Decline Bench Dumbbell Lunge
Leg,Decline Bench Dumbbell Lunge
Triceps,Standing Triceps Stretch
Chest,Chest and Front of Shoulder Stretch
Shoulders,Chest and Front of Shoulder Stretch
Calisthenic,Forearm Push-up
Chest,Forearm Push-up
Triceps,Forearm Push-up
Back / Wing,Plate Loaded Seated Row
Biceps,Cable Two Arm Curl on Incline Bench
Back / Wing,Chin Up Around the Bar
Biceps,Chin Up Around the Bar
Hip,Banded Standing Glute Kickback
Hip,Banded Seated Hip Abduction
Hip,Banded Single Leg Glute Bridge
Hip,Banded Glute Bridge
Back / Wing,EZ-Bar Bent Arm Pullover
Triceps,EZ-Bar Bent Arm Pullover
Hip,Lateral Leg Swings
Leg,Lateral Leg Swings
Biceps,Elbow Flexion
Shoulders,Shoulder External Rotation
Shoulders,Shoulder Internal Rotation
Shoulders,Lateral Raise with Towel on Wall
Shoulders,Alternating Shoulder Flexion
Hip,Banded Walk
Leg,Banded Walk
Hip,Band Side Lying Clam
Hip,Resistance Band Lateral Walk
Leg,Resistance Band Lateral Walk
Hip,Banded Glute Kickbacks
Hip,Banded Donkey Kicks
Hip,Banded Thigh Fly
Hip,Band Side Lying Leg Lift
Hip,Banded Fire Hydrant
Biceps,Cable Pulldown Biceps Curl
Hip,Kneeling Jump Squat
Leg,Kneeling Jump Squat
Leg,Banded Split Squat
Hip,Banded Kettlebell Goblet Squat
Leg,Banded Kettlebell Goblet Squat
Leg,Banded Lunge
Leg,Banded Leg Curl
Leg,Standing Single Leg Curl Machine
Leg,Decline Dumbbell Leg Curl
Triceps,Low Cable Tricep Kickback
Shoulders,Banded Shoulder External Rotation
Shoulders,Banded Shoulder Flexion
Back / Wing,Banded Shoulder Extension
Shoulders,Banded Shoulder Extension
Back / Wing,Banded Shoulder Adduction
Chest,Banded Shoulder Adduction
Hip,Kettlebell Front Squat
Leg,Kettlebell Front Squat
Hip,Single Knee To Chest
Leg,Single Knee To Chest
Hip,Pistol Squat to Box
Leg,Pistol Squat to Box
Hip,Frog Pump
Hip,Landmine Deadlift
Leg,Landmine Deadlift
Back / Wing,Landmine T-Bar Row
Erector Spinae,Landmine T-Bar Row
Cardio,1-2 Stick Drill
Back / Wing,Cable Twisting Standing High Row
Biceps,Band Biceps Curl
Triceps,Band Skull Crusher
Back / Wing,Single Arm Twisting Seated Cable Row
Back / Wing,Band Alternating Lat Pulldown
Back / Wing,Band Alternating Low Row with Twist
Chest,Band Alternate Incline Chest Press
Shoulders,Band Single Arm Shoulder Press
Hip,Band Seated Hip External Rotation
Hip,Band Seated Hip Internal Rotation
Back / Wing,Band Seated Row
Triceps,Band Pushdown
Hip,Landmine Squat
Leg,Landmine Squat
Leg,Sissy Squat
Biceps,Single Dumbbell Spider Hammer Curl
Forearm,Single Dumbbell Spider Hammer Curl
Triceps,Decline Dumbbell Triceps Extension
Triceps,Dumbbell Tate Press
Hip,Rack Pull
Leg,Rack Pull
Calisthenic,Handstand Push-ups Between Benches
Shoulders,Handstand Push-ups Between Benches
Triceps,Handstand Push-ups Between Benches
Calisthenic,Kipping Handstand Push-up
Full Body,Kipping Handstand Push-up
Shoulders,Kipping Handstand Push-up
Triceps,Kipping Handstand Push-up
Back / Wing,Barbell Pendlay Row
Erector Spinae,Barbell Pendlay Row
Hip,Standing Knee Hugs
Leg,Standing Knee Hugs
Erector Spinae,Superman
Neck,Superman
Hip,Fire Hydrant
Cardio,Step Up with Knee Raises
Leg,Step Up with Knee Raises
Abs,Snap Jumps
Cardio,Snap Jumps
Full Body,Snap Jumps
Hip,Snap Jumps
Leg,Snap Jumps
Hip,Piriformis Stretch
Leg,Piriformis Stretch
Hip,Half Kneeling Hip Flexor Stretch
Leg,Half Kneeling Hip Flexor Stretch
Hip,Barbell Glute Bridge
Hip,Cable Hip Extension
Hip,Cable Hip Abduction
Hip,Donkey Kicks
Shoulders,Bent-Over Dumbbell Rear Delt Raise With Head On Bench
Abs,Hanging Leg Raises
Abs,Side Plank Leg Raises
Abs,Reverse Plank Kicks
Abs,Hindu Push-ups
Calisthenic,Hindu Push-ups
Erector Spinae,Hindu Push-ups
Shoulders,Hindu Push-ups
Abs,Bear Crawl
Cardio,Bear Crawl
Cardio,High Knee Run
Hip,High Knee Run
Leg,High Knee Run
Abs,High Knee Skips
Cardio,High Knee Skips
Leg,High Knee Skips
Abs,Double Crunches
Abs,Toe Reaches
Calf,Inner Thigh Side Stretch
Hip,Inner Thigh Side Stretch
Leg,Inner Thigh Side Stretch
Abs,Sit-ups
Abs,Side Plank
Abs,Plank Leg Lift
Hip,Plank Leg Lift
Abs,Plank Knee to Elbow
Abs,Russian Twist
Abs,Plank
Cardio,Skater
Hip,Skater
Leg,Skater
Abs,Leg Pull-in Knee-ups
Hip,Butterfly Stretch
Leg,Butterfly Stretch
Abs,Glute Bridge
Hip,Glute Bridge
Erector Spinae,Arm Leg Raises
Hip,Arm Leg Raises
Abs,Hollow Hold
Abs,Long Arm Crunch
Abs,Half Wipers
Abs,Jackknife Sit-ups (V-Up)
Abs,Flutter Kick
Hip,Dumbbell Forward Leaning Lunge
Leg,Dumbbell Forward Leaning Lunge
Hip,Dumbbell Reverse Lunge
Leg,Dumbbell Reverse Lunge
Leg,Dumbbell Pistol Squat
Abs,Standing side bend
Back / Wing,Standing side bend
Triceps,Bent Over Kickback
Chest,Incline Close-Grip Bench Press
Chest,Close Grip Bench Press
Triceps,Close Grip Bench Press
Triceps,Dumbbell Triceps Extension
Calisthenic,Diamond Push-up
Chest,Diamond Push-up
Triceps,Diamond Push-up
Biceps,Cable Curl
Forearm,Reverse Wrist Curl
Forearm,Wrist Curl
Biceps,Z-Bar Curl
Shoulders,Barbell Upright Row
Trapezius,Barbell Upright Row
Shoulders,Barbell Front Raise
Hip,Bodyweight Bulgarian Split Squat
Leg,Bodyweight Bulgarian Split Squat
Hip,Dumbbell Sumo Squat
Leg,Dumbbell Sumo Squat
Hip,Hip Adduction Machine
Leg,Hip Adduction Machine
Hip,Hip Abduction Machine
Leg,Hip Abduction Machine
Calisthenic,Push-Up
Chest,Push-Up
Chest,Hammer Press
Chest,Chest Press Machine
Chest,Corner Wall Stretch
Shoulders,Corner Wall Stretch
Leg,Seated Banded Leg Extension
Biceps,Hammer Curl with Resistance Band
Forearm,Hammer Curl with Resistance Band
Triceps,Triceps Extension with Resistance Bands
Chest,Barbell Floor Press
Abs,Suspended Ab Fall-out
Calisthenic,Suspended Ab Fall-out
Abs,TRX Mountain Climber
Abs,Side Plank Knee to Elbow
Hip,Zercher Deadlift
Leg,Zercher Deadlift
Leg,Supported Pistol Squat
Chest,Landmine Floor Chest Fly
Full Body,Barbell Thruster
Leg,Barbell Thruster
Shoulders,Barbell Thruster
Erector Spinae,Dumbbell Pull Through
Hip,Dumbbell Pull Through
Leg,Dumbbell Pull Through
Calf,Single Leg Donkey Calf Raise
Chest,Decline Hammer Press
Hip,Jefferson Squat
Leg,Jefferson Squat
Triceps,Alternating Lying Dumbbell Triceps Extension
Triceps,Barbell Reverse Grip Skullcrusher
Triceps,Barbell Lying Back of the Head Tricep Extension
Triceps,EZ Bar Lying Close Grip Triceps Extension Behind Head
Triceps,Kneeling Cable Triceps Extension
Chest,Close-Grip Reverse Bench Press
Triceps,Close-Grip Reverse Bench Press
Triceps,One Arm High Pulley Overhead Tricep Extension
Triceps,Cable Crossover Triceps Extension
Triceps,Side One Arm Reverse Pushdown
Biceps,Cable Reverse Grip EZ-bar Biceps Curl
Forearm,Cable Reverse Grip EZ-bar Biceps Curl
Abs,Bodyweight Skull Crushers
Calisthenic,Bodyweight Skull Crushers
Full Body,Bodyweight Skull Crushers
Triceps,Bodyweight Skull Crushers
Triceps,V-bar Pushdown
Triceps,Cable Rope Lying Tricep Extension
Triceps,Cable Lying Triceps Extension
Not specified,Barbell Lying Close grip Triceps Extension
Erector Spinae,Glute Ham Raise
Hip,Glute Ham Raise
Leg,Glute Ham Raise
Chest,Wide-Grip Reverse Bench Press
Calisthenic,Straddle Planche
Chest,Straddle Planche
Full Body,Straddle Planche
Triceps,Straddle Planche
Hip,TRX Pistol Squat
Leg,TRX Pistol Squat
Hip,Sitting Wide Leg Adductor Stretch
Leg,Sitting Wide Leg Adductor Stretch
Hip,Standing Wide Knees Adductor Stretch
Leg,Standing Wide Knees Adductor Stretch
Hip,Standing Wide Leg Adductor Stretch
Leg,Standing Wide Leg Adductor Stretch
Leg,Knee Circles
Hip,Hip Circles
Yoga,Parsva Balasana | Thread the Needle Pose
Full Body,One Arm Kettlebell Swing
Hip,One Arm Kettlebell Swing
Shoulders,One Arm Kettlebell Swing
Abs,Half Cross Crunch
Chest,Close Grip Knee Push-up
Triceps,Close Grip Knee Push-up
Abs,Cable Seated Twist on Floor
Abs,Butterfly Sit-up
Back / Wing,Neutral Grip Pull-up
Biceps,Standing Reverse Shoulder Stretch
Shoulders,Standing Reverse Shoulder Stretch
Shoulders,Resistance Band Bent Over Rear Delt Fly
Trapezius,Resistance Band Bent Over Rear Delt Fly
Abs,Push-up With Rotation
Chest,Push-up With Rotation
Erector Spinae,Push-up With Rotation
Abs,Side Plank Rotation
Erector Spinae,Side Plank Rotation
Hip,Resistance Band Overhead Squat
Leg,Resistance Band Overhead Squat
Back / Wing,Medicine ball Overhead Slam
Full Body,Medicine ball Overhead Slam
Shoulders,Medicine ball Overhead Slam
Chest,Supine Medicine Ball Chest Throw
Triceps,Supine Medicine Ball Chest Throw
Chest,Reverse Dips
Triceps,Reverse Dips
Chest,Trx Chest Press
Back / Wing,Dumbbell Seal Row
Hip,Lever Standing Hip Extension
Chest,Dumbbell Straight Arm Pullover (knees at 90 degrees)
Chest,Trx Chest Fly
Chest,Doorway Pec and Shoulder Stretch
Shoulders,Doorway Pec and Shoulder Stretch
Abs,Prone Abdominal Hollowing
Abs,Hell Slide
Leg,Hell Slide
Full Body,Wall Ball
Hip,Wall Ball
Leg,Wall Ball
Shoulders,Wall Ball
Hip,Kicks Leg Bent
Hip,Kneeling Leg Out Adductor Stretch
Leg,Kneeling Leg Out Adductor Stretch
Shoulders,Resistance Band Pull Apart
Trapezius,Resistance Band Pull Apart
Abs,Half Frog Pose
Leg,Half Frog Pose
Yoga,Half Frog Pose
Hip,Happy Baby Pose
Leg,Happy Baby Pose
Yoga,Happy Baby Pose
Biceps,Barbell Drag Curl
Back / Wing,Kettlebell Renegade Row
Chest,Kettlebell Renegade Row
Full Body,Kettlebell Renegade Row
Back / Wing,Push-Up to Renegade Row
Chest,Push-Up to Renegade Row
Full Body,Push-Up to Renegade Row
Chest,Modified Hindu Push-up
Full Body,Modified Hindu Push-up
Chest,Knuckle Push-Up
Calisthenic,Planche Push-Up
Chest,Planche Push-Up
Full Body,Planche Push-Up
Triceps,Planche Push-Up
Calisthenic,Finger Push-up
Chest,Finger Push-up
Calisthenic,Chest Tap Push-up
Chest,Chest Tap Push-up
Chest,Kettlebell Deep Push-Up
Calisthenic,Archer Push-Up
Chest,Archer Push-Up
Full Body,Archer Push-Up
Triceps,Archer Push-Up
Chest,One Leg Push-Up
Abs,Medicine Ball Crunch
Chest,Bosu Ball Push-Up
Chest,Resistance Band Alternating Chest Fly
Abs,Kettlebell Figure 8
Erector Spinae,Kettlebell Figure 8
Full Body,Kettlebell Figure 8
Hip,Kettlebell Figure 8
Leg,Kettlebell Figure 8
Hip,Smith Machine Hip Thrust
Hip,Resistance Band Hip Thrust
Hip,Resistance Band Hip Thrusts on Knees
Forearm,Barbell Finger Curl
Forearm,Dumbbell Finger Curl
Back / Wing,Dumbbell Renegade Row
Full Body,Dumbbell Renegade Row
Abs,Ball Russian Twist throw with partner
Shoulders,Kettlebell Lateral Raise
Erector Spinae,Barbell Single Leg Deadlift
Hip,Barbell Single Leg Deadlift
Leg,Barbell Single Leg Deadlift
Erector Spinae,Dumbbell Single Leg Deadlift
Hip,Dumbbell Single Leg Deadlift
Leg,Dumbbell Single Leg Deadlift
Chest,Dumbbell Reverse Grip 30 Degrees Incline Bench Press
Biceps,Close Grip Barbell Curl
Leg,Seated Leg Extension with Resistance Band
Erector Spinae,Good Morning With Resistance Band
Leg,Good Morning With Resistance Band
Hip,Dumbbell Bench Squat
Leg,Dumbbell Bench Squat
Abs,Seated Ab Crunch Machine
Hip,Pendulum Squat
Leg,Pendulum Squat
Back / Wing,Band Assisted Pull-up
Abs,Dumbbell Windmill
Shoulders,Dumbbell Windmill
Erector Spinae,Rolling Like a Ball
Full Body,Dumbbell Iron Cross
Hip,Dumbbell Iron Cross
Leg,Dumbbell Iron Cross
Shoulders,Dumbbell Iron Cross
Chest,Incline Landmine Press
Shoulders,Incline Landmine Press
Hip,Box Pistol Squat
Leg,Box Pistol Squat
Calisthenic,Ring Dips
Chest,Ring Dips
Full Body,Ring Dips
Triceps,Ring Dips
Hip,Sitting Rotation Hip Stretch
Leg,Sitting Rotation Hip Stretch
Hip,Supported One Leg Standing Hip Flexor And Knee Extensor Stretch
Leg,Supported One Leg Standing Hip Flexor And Knee Extensor Stretch
Hip,Squat mobility Complex
Leg,Squat mobility Complex
Chest,Cobra Push-up
Chest,Shoulder Tap Push-up
Calisthenic,Single Arm Raise Push-up
Chest,Single Arm Raise Push-up
Triceps,Single Arm Raise Push-up
Chest,Suspended Push-Up
Triceps,Suspended Push-Up
Chest,Close-grip Dumbbell Push-Up
Triceps,Close-grip Dumbbell Push-Up
Chest,Medicine Ball Push-Up
Triceps,Medicine Ball Push-Up
Chest,Single Arm Push-Up on Medicine Ball
Triceps,Single Arm Push-Up on Medicine Ball
Chest,Weighted Vest Push-up
Biceps,One Arm Cable Bicep Curl
Biceps,Single Arm Reverse Grip Cable Bicep Curl
Forearm,Single Arm Reverse Grip Cable Bicep Curl
Cardio,Assault AirBike
Cardio,Recumbent Exercise Bike
Chest,Medicine Ball Overhead Throw
Shoulders,Medicine Ball Overhead Throw
Triceps,Medicine Ball Overhead Throw
Chest,Standing Medicine Ball Chest Pass
Abs,One Arm Medicine Ball Slam
Chest,One Arm Medicine Ball Slam
Full Body,One Arm Medicine Ball Slam
Shoulders,One Arm Medicine Ball Slam
Forearm,Barbell Reverse Wrist Curl Over a Bench
Biceps,Water Bottle Hammer Curl
Forearm,Water Bottle Hammer Curl
Biceps,Seated Alternating Dumbbell Curl
Shoulders,Dumbbell Single Arm Lateral Raise
Shoulders,Dumbbell Seated Alternate Front Raise
Hip,Side Lying Hip Adduction
Hip,Side Hip Abduction
Abs,Side Lying Feet Raise
Hip,Side Lying Feet Raise
Biceps,Seated Bicep Curl With Resistance Band
Abs,Dhanurasana | Rocking Bow Pose
Erector Spinae,Dhanurasana | Rocking Bow Pose
Yoga,Dhanurasana | Rocking Bow Pose
Back / Wing,Standing Banded Row
Triceps,Rear Drive With Resistance Band
Biceps,One-Arm Biceps Curl With Resistance Band
Hip,Single Stiff Leg Deadlift With Resistance Band
Hip,Pull through With Resistance Band
Abs,Seated Twist With Resistance Band
Abs,Twist With Resistance Band
Abs,Twist down up With Resistance Band
Chest,Standing incline chest press With Resistance Band
Erector Spinae,Swing | Gymstick
Hip,Swing | Gymstick
Shoulders,Swing | Gymstick
Leg,Standing Straight Leg Raise With Resistance Band
Leg,Standing Leg Raise With Resistance Band
Leg,Standing Leg Extension With Resistance Band
Leg,Standing Leg Curl With Resistance Band
Shoulders,Side Bend Press | Gymstick
Triceps,Standing Triceps Extension | Gymstick
Shoulders,Single Arm Upright Row | Gymstick
Trapezius,Single Arm Upright Row | Gymstick
Erector Spinae,Single Leg Reverse Hyperextension | Gymstick
Hip,Single Leg Reverse Hyperextension | Gymstick
Abs,Standing Side Bend | Gymstick
Shoulders,Behind the Head Military Press | Gymstick
Hip,Split Squat | Gymstick
Leg,Split Squat | Gymstick
Hip,Squat | Gymstick
Leg,Squat | Gymstick
Triceps,Banded Overhead Triceps Extension
Triceps,Overhead Triceps Extension | Gymstick
Shoulders,Skier | Gymstick
Abs,Banded Lying leg and hip raise
Leg,Banded Lying Leg Curl
Chest,Middle Chest fly With Resistance Band
Leg,Lying Alternate Leg Press | Gymstick
Hip,Kneeling Single Leg Kick | Gymstick
Abs,Banded Jack knife sit-up
Chest,Kneeling Incline Press | Gymstick
Chest,Low Chest Fly With Resistance Band
Back / Wing,Kneeling Pulldown With Resistance Band
Shoulders,Face Pull With Resistance Band
Trapezius,Face Pull With Resistance Band
Abs,Down to Up Twist |Gymstick
Back / Wing,Bent Over Row | Gymstick
Shoulders,Bent Over Row | Gymstick
Chest,High Chest Fly With Resistance Band
Abs,Bicycle Crunch | Gymstick
Hip,Pin Squat
Leg,Pin Squat
Cardio,The Box Jump
Hip,The Box Jump
Leg,The Box Jump
Chest,Decline Push-up
Abs,Plank Jacks / Extended Leg
Back / Wing,Battle Rope
Cardio,Battle Rope
Full Body,Battle Rope
Shoulders,Battle Rope